Date,Qcorr_qPCR,Count,Sockeyetype,QUANT_mean
6/18/15,NA,0,Sockeye_Male,NA
6/19/15,0.000139301,0,Sockeye_Male,2.70E-05
6/20/15,NA,0,Sockeye_Male,NA
6/21/15,NA,0,Sockeye_Male,NA
6/22/15,NA,0,Sockeye_Male,NA
6/23/15,0,0,Sockeye_Male,0
6/24/15,NA,0,Sockeye_Male,NA
6/25/15,NA,0,Sockeye_Male,NA
6/26/15,0.000139428,0,Sockeye_Male,3.98E-05
6/27/15,NA,0,Sockeye_Male,NA
6/28/15,NA,0,Sockeye_Male,NA
6/29/15,NA,0,Sockeye_Male,NA
6/30/15,0.128944849,50,Sockeye_Male,0.008899308
7/1/15,NA,1,Sockeye_Male,NA
7/2/15,NA,0,Sockeye_Male,NA
7/3/15,0.173910921,92,Sockeye_Male,0.007893411
7/4/15,NA,2,Sockeye_Male,NA
7/5/15,NA,0,Sockeye_Male,NA
7/6/15,0.100682916,53,Sockeye_Male,0.008683346
7/7/15,0.060504591,0,Sockeye_Male,0.00643115
7/8/15,NA,0,Sockeye_Male,NA
7/9/15,NA,47,Sockeye_Male,NA
7/10/15,0.045576207,2,Sockeye_Male,0.005203772
7/11/15,NA,16,Sockeye_Male,NA
7/12/15,NA,139,Sockeye_Male,NA
7/13/15,NA,76,Sockeye_Male,NA
7/14/15,0.124571017,142,Sockeye_Male,0.002070147
7/15/15,0.448500046,241,Sockeye_Male,0.004628923
7/16/15,0.515413001,194,Sockeye_Male,0.006821124
7/17/15,0.251094646,67,Sockeye_Male,0.005482282
7/18/15,NA,30,Sockeye_Male,NA
7/19/15,NA,54,Sockeye_Male,NA
7/20/15,NA,23,Sockeye_Male,NA
7/21/15,0.125567666,35,Sockeye_Male,0.004587635
7/22/15,NA,108,Sockeye_Male,NA
7/23/15,NA,34,Sockeye_Male,NA
7/24/15,NA,51,Sockeye_Male,NA
7/25/15,0.063060214,113,Sockeye_Male,0.001905757
7/26/15,NA,29,Sockeye_Male,NA
7/27/15,NA,15,Sockeye_Male,NA
7/28/15,0.046166545,81,Sockeye_Male,0.000908389
7/29/15,NA,57,Sockeye_Male,NA
7/30/15,NA,41,Sockeye_Male,NA
7/31/15,0.051427967,36,Sockeye_Male,0.001183734
8/1/15,NA,12,Sockeye_Male,NA
6/18/15,NA,0,Sockeye_Female,NA
6/19/15,0.000139301,0,Sockeye_Female,2.70E-05
6/20/15,NA,0,Sockeye_Female,NA
6/21/15,NA,0,Sockeye_Female,NA
6/22/15,NA,0,Sockeye_Female,NA
6/23/15,0,0,Sockeye_Female,0
6/24/15,NA,0,Sockeye_Female,NA
6/25/15,NA,0,Sockeye_Female,NA
6/26/15,0.000139428,1,Sockeye_Female,3.98E-05
6/27/15,NA,0,Sockeye_Female,NA
6/28/15,NA,0,Sockeye_Female,NA
6/29/15,NA,0,Sockeye_Female,NA
6/30/15,0.128944849,26,Sockeye_Female,0.008899308
7/1/15,NA,0,Sockeye_Female,NA
7/2/15,NA,2,Sockeye_Female,NA
7/3/15,0.173910921,47,Sockeye_Female,0.007893411
7/4/15,NA,0,Sockeye_Female,NA
7/5/15,NA,0,Sockeye_Female,NA
7/6/15,0.100682916,32,Sockeye_Female,0.008683346
7/7/15,0.060504591,0,Sockeye_Female,0.00643115
7/8/15,NA,0,Sockeye_Female,NA
7/9/15,NA,26,Sockeye_Female,NA
7/10/15,0.045576207,0,Sockeye_Female,0.005203772
7/11/15,NA,7,Sockeye_Female,NA
7/12/15,NA,99,Sockeye_Female,NA
7/13/15,NA,58,Sockeye_Female,NA
7/14/15,0.124571017,108,Sockeye_Female,0.002070147
7/15/15,0.448500046,247,Sockeye_Female,0.004628923
7/16/15,0.515413001,234,Sockeye_Female,0.006821124
7/17/15,0.251094646,112,Sockeye_Female,0.005482282
7/18/15,NA,41,Sockeye_Female,NA
7/19/15,NA,60,Sockeye_Female,NA
7/20/15,NA,20,Sockeye_Female,NA
7/21/15,0.125567666,40,Sockeye_Female,0.004587635
7/22/15,NA,140,Sockeye_Female,NA
7/23/15,NA,40,Sockeye_Female,NA
7/24/15,NA,46,Sockeye_Female,NA
7/25/15,0.063060214,223,Sockeye_Female,0.001905757
7/26/15,NA,35,Sockeye_Female,NA
7/27/15,NA,31,Sockeye_Female,NA
7/28/15,0.046166545,130,Sockeye_Female,0.000908389
7/29/15,NA,109,Sockeye_Female,NA
7/30/15,NA,77,Sockeye_Female,NA
7/31/15,0.051427967,87,Sockeye_Female,0.001183734
8/1/15,NA,30,Sockeye_Female,NA
6/18/15,NA,0,Sockeye_Adults,NA
6/19/15,0.000139301,0,Sockeye_Adults,2.70E-05
6/20/15,NA,0,Sockeye_Adults,NA
6/21/15,NA,0,Sockeye_Adults,NA
6/22/15,NA,0,Sockeye_Adults,NA
6/23/15,0,0,Sockeye_Adults,0
6/24/15,NA,0,Sockeye_Adults,NA
6/25/15,NA,0,Sockeye_Adults,NA
6/26/15,0.000139428,1,Sockeye_Adults,3.98E-05
6/27/15,NA,0,Sockeye_Adults,NA
6/28/15,NA,0,Sockeye_Adults,NA
6/29/15,NA,0,Sockeye_Adults,NA
6/30/15,0.128944849,76,Sockeye_Adults,0.008899308
7/1/15,NA,1,Sockeye_Adults,NA
7/2/15,NA,2,Sockeye_Adults,NA
7/3/15,0.173910921,139,Sockeye_Adults,0.007893411
7/4/15,NA,2,Sockeye_Adults,NA
7/5/15,NA,0,Sockeye_Adults,NA
7/6/15,0.100682916,85,Sockeye_Adults,0.008683346
7/7/15,0.060504591,0,Sockeye_Adults,0.00643115
7/8/15,NA,0,Sockeye_Adults,NA
7/9/15,NA,73,Sockeye_Adults,NA
7/10/15,0.045576207,2,Sockeye_Adults,0.005203772
7/11/15,NA,23,Sockeye_Adults,NA
7/12/15,NA,238,Sockeye_Adults,NA
7/13/15,NA,134,Sockeye_Adults,NA
7/14/15,0.124571017,250,Sockeye_Adults,0.002070147
7/15/15,0.448500046,488,Sockeye_Adults,0.004628923
7/16/15,0.515413001,428,Sockeye_Adults,0.006821124
7/17/15,0.251094646,179,Sockeye_Adults,0.005482282
7/18/15,NA,71,Sockeye_Adults,NA
7/19/15,NA,114,Sockeye_Adults,NA
7/20/15,NA,43,Sockeye_Adults,NA
7/21/15,0.125567666,75,Sockeye_Adults,0.004587635
7/22/15,NA,248,Sockeye_Adults,NA
7/23/15,NA,74,Sockeye_Adults,NA
7/24/15,NA,97,Sockeye_Adults,NA
7/25/15,0.063060214,336,Sockeye_Adults,0.001905757
7/26/15,NA,64,Sockeye_Adults,NA
7/27/15,NA,46,Sockeye_Adults,NA
7/28/15,0.046166545,211,Sockeye_Adults,0.000908389
7/29/15,NA,166,Sockeye_Adults,NA
7/30/15,NA,118,Sockeye_Adults,NA
7/31/15,0.051427967,123,Sockeye_Adults,0.001183734
8/1/15,NA,42,Sockeye_Adults,NA
6/18/15,NA,0,Sockeye_Jack,NA
6/19/15,0.000139301,0,Sockeye_Jack,2.70E-05
6/20/15,NA,0,Sockeye_Jack,NA
6/21/15,NA,0,Sockeye_Jack,NA
6/22/15,NA,0,Sockeye_Jack,NA
6/23/15,0,0,Sockeye_Jack,0
6/24/15,NA,0,Sockeye_Jack,NA
6/25/15,NA,0,Sockeye_Jack,NA
6/26/15,0.000139428,0,Sockeye_Jack,3.98E-05
6/27/15,NA,0,Sockeye_Jack,NA
6/28/15,NA,0,Sockeye_Jack,NA
6/29/15,NA,0,Sockeye_Jack,NA
6/30/15,0.128944849,8,Sockeye_Jack,0.008899308
7/1/15,NA,0,Sockeye_Jack,NA
7/2/15,NA,0,Sockeye_Jack,NA
7/3/15,0.173910921,6,Sockeye_Jack,0.007893411
7/4/15,NA,0,Sockeye_Jack,NA
7/5/15,NA,0,Sockeye_Jack,NA
7/6/15,0.100682916,11,Sockeye_Jack,0.008683346
7/7/15,0.060504591,0,Sockeye_Jack,0.00643115
7/8/15,NA,0,Sockeye_Jack,NA
7/9/15,NA,7,Sockeye_Jack,NA
7/10/15,0.045576207,0,Sockeye_Jack,0.005203772
7/11/15,NA,1,Sockeye_Jack,NA
7/12/15,NA,15,Sockeye_Jack,NA
7/13/15,NA,6,Sockeye_Jack,NA
7/14/15,0.124571017,7,Sockeye_Jack,0.002070147
7/15/15,0.448500046,12,Sockeye_Jack,0.004628923
7/16/15,0.515413001,12,Sockeye_Jack,0.006821124
7/17/15,0.251094646,6,Sockeye_Jack,0.005482282
7/18/15,NA,1,Sockeye_Jack,NA
7/19/15,NA,1,Sockeye_Jack,NA
7/20/15,NA,1,Sockeye_Jack,NA
7/21/15,0.125567666,1,Sockeye_Jack,0.004587635
7/22/15,NA,9,Sockeye_Jack,NA
7/23/15,NA,0,Sockeye_Jack,NA
7/24/15,NA,2,Sockeye_Jack,NA
7/25/15,0.063060214,5,Sockeye_Jack,0.001905757
7/26/15,NA,0,Sockeye_Jack,NA
7/27/15,NA,0,Sockeye_Jack,NA
7/28/15,0.046166545,1,Sockeye_Jack,0.000908389
7/29/15,NA,1,Sockeye_Jack,NA
7/30/15,NA,1,Sockeye_Jack,NA
7/31/15,0.051427967,1,Sockeye_Jack,0.001183734
8/1/15,NA,1,Sockeye_Jack,NA
6/18/15,NA,0,Sockeye_Total,NA
6/19/15,0.000139301,0,Sockeye_Total,2.70E-05
6/20/15,NA,0,Sockeye_Total,NA
6/21/15,NA,0,Sockeye_Total,NA
6/22/15,NA,0,Sockeye_Total,NA
6/23/15,0,0,Sockeye_Total,0
6/24/15,NA,0,Sockeye_Total,NA
6/25/15,NA,0,Sockeye_Total,NA
6/26/15,0.000139428,1,Sockeye_Total,3.98E-05
6/27/15,NA,0,Sockeye_Total,NA
6/28/15,NA,0,Sockeye_Total,NA
6/29/15,NA,0,Sockeye_Total,NA
6/30/15,0.128944849,84,Sockeye_Total,0.008899308
7/1/15,NA,1,Sockeye_Total,NA
7/2/15,NA,2,Sockeye_Total,NA
7/3/15,0.173910921,145,Sockeye_Total,0.007893411
7/4/15,NA,2,Sockeye_Total,NA
7/5/15,NA,0,Sockeye_Total,NA
7/6/15,0.100682916,96,Sockeye_Total,0.008683346
7/7/15,0.060504591,0,Sockeye_Total,0.00643115
7/8/15,NA,0,Sockeye_Total,NA
7/9/15,NA,80,Sockeye_Total,NA
7/10/15,0.045576207,2,Sockeye_Total,0.005203772
7/11/15,NA,24,Sockeye_Total,NA
7/12/15,NA,253,Sockeye_Total,NA
7/13/15,NA,140,Sockeye_Total,NA
7/14/15,0.124571017,257,Sockeye_Total,0.002070147
7/15/15,0.448500046,500,Sockeye_Total,0.004628923
7/16/15,0.515413001,440,Sockeye_Total,0.006821124
7/17/15,0.251094646,185,Sockeye_Total,0.005482282
7/18/15,NA,72,Sockeye_Total,NA
7/19/15,NA,115,Sockeye_Total,NA
7/20/15,NA,44,Sockeye_Total,NA
7/21/15,0.125567666,76,Sockeye_Total,0.004587635
7/22/15,NA,257,Sockeye_Total,NA
7/23/15,NA,74,Sockeye_Total,NA
7/24/15,NA,99,Sockeye_Total,NA
7/25/15,0.063060214,341,Sockeye_Total,0.001905757
7/26/15,NA,64,Sockeye_Total,NA
7/27/15,NA,46,Sockeye_Total,NA
7/28/15,0.046166545,212,Sockeye_Total,0.000908389
7/29/15,NA,167,Sockeye_Total,NA
7/30/15,NA,119,Sockeye_Total,NA
7/31/15,0.051427967,124,Sockeye_Total,0.001183734
8/1/15,NA,43,Sockeye_Total,NA
6/18/15,NA,0,Sockeye_Smolt,NA
6/19/15,0.000139301,0,Sockeye_Smolt,2.70E-05
6/20/15,NA,0,Sockeye_Smolt,NA
6/21/15,NA,0,Sockeye_Smolt,NA
6/22/15,NA,0,Sockeye_Smolt,NA
6/23/15,0,0,Sockeye_Smolt,0
6/24/15,NA,0,Sockeye_Smolt,NA
6/25/15,NA,0,Sockeye_Smolt,NA
6/26/15,0.000139428,0,Sockeye_Smolt,3.98E-05
6/27/15,NA,0,Sockeye_Smolt,NA
6/28/15,NA,0,Sockeye_Smolt,NA
6/29/15,NA,0,Sockeye_Smolt,NA
6/30/15,0.128944849,0,Sockeye_Smolt,0.008899308
7/1/15,NA,NA,Sockeye_Smolt,NA
7/2/15,NA,NA,Sockeye_Smolt,NA
7/3/15,0.173910921,NA,Sockeye_Smolt,0.007893411
7/4/15,NA,NA,Sockeye_Smolt,NA
7/5/15,NA,NA,Sockeye_Smolt,NA
7/6/15,0.100682916,NA,Sockeye_Smolt,0.008683346
7/7/15,0.060504591,NA,Sockeye_Smolt,0.00643115
7/8/15,NA,NA,Sockeye_Smolt,NA
7/9/15,NA,NA,Sockeye_Smolt,NA
7/10/15,0.045576207,NA,Sockeye_Smolt,0.005203772
7/11/15,NA,NA,Sockeye_Smolt,NA
7/12/15,NA,NA,Sockeye_Smolt,NA
7/13/15,NA,NA,Sockeye_Smolt,NA
7/14/15,0.124571017,NA,Sockeye_Smolt,0.002070147
7/15/15,0.448500046,NA,Sockeye_Smolt,0.004628923
7/16/15,0.515413001,NA,Sockeye_Smolt,0.006821124
7/17/15,0.251094646,NA,Sockeye_Smolt,0.005482282
7/18/15,NA,NA,Sockeye_Smolt,NA
7/19/15,NA,NA,Sockeye_Smolt,NA
7/20/15,NA,NA,Sockeye_Smolt,NA
7/21/15,0.125567666,NA,Sockeye_Smolt,0.004587635
7/22/15,NA,NA,Sockeye_Smolt,NA
7/23/15,NA,NA,Sockeye_Smolt,NA
7/24/15,NA,NA,Sockeye_Smolt,NA
7/25/15,0.063060214,NA,Sockeye_Smolt,0.001905757
7/26/15,NA,NA,Sockeye_Smolt,NA
7/27/15,NA,NA,Sockeye_Smolt,NA
7/28/15,0.046166545,NA,Sockeye_Smolt,0.000908389
7/29/15,NA,NA,Sockeye_Smolt,NA
7/30/15,NA,NA,Sockeye_Smolt,NA
7/31/15,0.051427967,NA,Sockeye_Smolt,0.001183734
8/1/15,NA,NA,Sockeye_Smolt,NA
6/18/16,NA,0,Sockeye_Male,NA
6/19/16,NA,0,Sockeye_Male,NA
6/20/16,0.000126929,0,Sockeye_Male,1.76E-05
6/21/16,2.72E-05,0,Sockeye_Male,4.29E-06
6/22/16,6.14E-05,0,Sockeye_Male,1.10E-05
6/23/16,NA,0,Sockeye_Male,NA
6/24/16,NA,0,Sockeye_Male,NA
6/25/16,NA,0,Sockeye_Male,NA
6/26/16,NA,0,Sockeye_Male,NA
6/27/16,0.00012044,0,Sockeye_Male,1.34E-05
6/28/16,4.69E-05,0,Sockeye_Male,6.05E-06
6/29/16,1.05E-05,0,Sockeye_Male,1.49E-06
6/30/16,0.000201738,0,Sockeye_Male,2.67E-05
7/1/16,0.002617879,22,Sockeye_Male,0.000220707
7/2/16,0.702073551,119,Sockeye_Male,0.051753361
7/3/16,0.30182484,36,Sockeye_Male,0.024323029
7/4/16,0.02687481,33,Sockeye_Male,0.002600495
7/5/16,0.008394646,3,Sockeye_Male,0.000935783
7/6/16,0.005363125,0,Sockeye_Male,0.000726463
7/7/16,0.368020745,81,Sockeye_Male,0.05110582
7/8/16,0.022465633,14,Sockeye_Male,0.004027763
7/9/16,0.006402665,0,Sockeye_Male,0.001383315
7/10/16,0.001724426,0,Sockeye_Male,0.000415747
7/11/16,0.002028676,0,Sockeye_Male,0.000517116
7/12/16,0.000291047,0,Sockeye_Male,8.80E-05
7/13/16,0.000174251,0,Sockeye_Male,5.75E-05
7/14/16,8.69E-05,0,Sockeye_Male,3.23E-05
7/15/16,0.00014261,0,Sockeye_Male,5.99E-05
7/16/16,9.72E-05,0,Sockeye_Male,4.34E-05
7/17/16,8.89E-05,0,Sockeye_Male,4.65E-05
7/18/16,1.00E-05,0,Sockeye_Male,5.78E-06
7/19/16,1.95E-05,0,Sockeye_Male,1.12E-05
7/20/16,1.98E-05,0,Sockeye_Male,1.18E-05
7/21/16,1.42E-05,0,Sockeye_Male,8.49E-06
7/22/16,0.017531749,5,Sockeye_Male,0.007138318
7/23/16,0.233673347,286,Sockeye_Male,0.034116765
7/24/16,0.643053817,287,Sockeye_Male,0.027485099
7/25/16,0.73641922,127,Sockeye_Male,0.016653696
7/26/16,0.107860997,41,Sockeye_Male,0.002235045
7/27/16,0.075774659,34,Sockeye_Male,0.001465632
7/28/16,0.128956035,20,Sockeye_Male,0.001145999
7/29/16,0.044169732,14,Sockeye_Male,0.000675924
7/30/16,0.021043921,7,Sockeye_Male,0.00054904
7/31/16,0.006300568,6,Sockeye_Male,0.000244008
8/1/16,0.035754041,2,Sockeye_Male,0.00187208
6/18/16,NA,0,Sockeye_Female,NA
6/19/16,NA,0,Sockeye_Female,NA
6/20/16,0.000126929,0,Sockeye_Female,1.76E-05
6/21/16,2.72E-05,0,Sockeye_Female,4.29E-06
6/22/16,6.14E-05,0,Sockeye_Female,1.10E-05
6/23/16,NA,0,Sockeye_Female,NA
6/24/16,NA,0,Sockeye_Female,NA
6/25/16,NA,0,Sockeye_Female,NA
6/26/16,NA,0,Sockeye_Female,NA
6/27/16,0.00012044,0,Sockeye_Female,1.34E-05
6/28/16,4.69E-05,0,Sockeye_Female,6.05E-06
6/29/16,1.05E-05,0,Sockeye_Female,1.49E-06
6/30/16,0.000201738,0,Sockeye_Female,2.67E-05
7/1/16,0.002617879,13,Sockeye_Female,0.000220707
7/2/16,0.702073551,60,Sockeye_Female,0.051753361
7/3/16,0.30182484,37,Sockeye_Female,0.024323029
7/4/16,0.02687481,32,Sockeye_Female,0.002600495
7/5/16,0.008394646,1,Sockeye_Female,0.000935783
7/6/16,0.005363125,0,Sockeye_Female,0.000726463
7/7/16,0.368020745,81,Sockeye_Female,0.05110582
7/8/16,0.022465633,4,Sockeye_Female,0.004027763
7/9/16,0.006402665,0,Sockeye_Female,0.001383315
7/10/16,0.001724426,0,Sockeye_Female,0.000415747
7/11/16,0.002028676,0,Sockeye_Female,0.000517116
7/12/16,0.000291047,0,Sockeye_Female,8.80E-05
7/13/16,0.000174251,0,Sockeye_Female,5.75E-05
7/14/16,8.69E-05,0,Sockeye_Female,3.23E-05
7/15/16,0.00014261,0,Sockeye_Female,5.99E-05
7/16/16,9.72E-05,0,Sockeye_Female,4.34E-05
7/17/16,8.89E-05,0,Sockeye_Female,4.65E-05
7/18/16,1.00E-05,0,Sockeye_Female,5.78E-06
7/19/16,1.95E-05,0,Sockeye_Female,1.12E-05
7/20/16,1.98E-05,0,Sockeye_Female,1.18E-05
7/21/16,1.42E-05,0,Sockeye_Female,8.49E-06
7/22/16,0.017531749,3,Sockeye_Female,0.007138318
7/23/16,0.233673347,233,Sockeye_Female,0.034116765
7/24/16,0.643053817,301,Sockeye_Female,0.027485099
7/25/16,0.73641922,234,Sockeye_Female,0.016653696
7/26/16,0.107860997,55,Sockeye_Female,0.002235045
7/27/16,0.075774659,34,Sockeye_Female,0.001465632
7/28/16,0.128956035,26,Sockeye_Female,0.001145999
7/29/16,0.044169732,22,Sockeye_Female,0.000675924
7/30/16,0.021043921,8,Sockeye_Female,0.00054904
7/31/16,0.006300568,5,Sockeye_Female,0.000244008
8/1/16,0.035754041,1,Sockeye_Female,0.00187208
6/18/16,NA,0,Sockeye_Adults,NA
6/19/16,NA,0,Sockeye_Adults,NA
6/20/16,0.000126929,0,Sockeye_Adults,1.76E-05
6/21/16,2.72E-05,0,Sockeye_Adults,4.29E-06
6/22/16,6.14E-05,0,Sockeye_Adults,1.10E-05
6/23/16,NA,0,Sockeye_Adults,NA
6/24/16,NA,0,Sockeye_Adults,NA
6/25/16,NA,0,Sockeye_Adults,NA
6/26/16,NA,0,Sockeye_Adults,NA
6/27/16,0.00012044,0,Sockeye_Adults,1.34E-05
6/28/16,4.69E-05,0,Sockeye_Adults,6.05E-06
6/29/16,1.05E-05,0,Sockeye_Adults,1.49E-06
6/30/16,0.000201738,0,Sockeye_Adults,2.67E-05
7/1/16,0.002617879,35,Sockeye_Adults,0.000220707
7/2/16,0.702073551,179,Sockeye_Adults,0.051753361
7/3/16,0.30182484,73,Sockeye_Adults,0.024323029
7/4/16,0.02687481,65,Sockeye_Adults,0.002600495
7/5/16,0.008394646,4,Sockeye_Adults,0.000935783
7/6/16,0.005363125,0,Sockeye_Adults,0.000726463
7/7/16,0.368020745,162,Sockeye_Adults,0.05110582
7/8/16,0.022465633,18,Sockeye_Adults,0.004027763
7/9/16,0.006402665,0,Sockeye_Adults,0.001383315
7/10/16,0.001724426,0,Sockeye_Adults,0.000415747
7/11/16,0.002028676,0,Sockeye_Adults,0.000517116
7/12/16,0.000291047,0,Sockeye_Adults,8.80E-05
7/13/16,0.000174251,0,Sockeye_Adults,5.75E-05
7/14/16,8.69E-05,0,Sockeye_Adults,3.23E-05
7/15/16,0.00014261,0,Sockeye_Adults,5.99E-05
7/16/16,9.72E-05,0,Sockeye_Adults,4.34E-05
7/17/16,8.89E-05,0,Sockeye_Adults,4.65E-05
7/18/16,1.00E-05,0,Sockeye_Adults,5.78E-06
7/19/16,1.95E-05,0,Sockeye_Adults,1.12E-05
7/20/16,1.98E-05,0,Sockeye_Adults,1.18E-05
7/21/16,1.42E-05,0,Sockeye_Adults,8.49E-06
7/22/16,0.017531749,8,Sockeye_Adults,0.007138318
7/23/16,0.233673347,519,Sockeye_Adults,0.034116765
7/24/16,0.643053817,588,Sockeye_Adults,0.027485099
7/25/16,0.73641922,361,Sockeye_Adults,0.016653696
7/26/16,0.107860997,96,Sockeye_Adults,0.002235045
7/27/16,0.075774659,68,Sockeye_Adults,0.001465632
7/28/16,0.128956035,46,Sockeye_Adults,0.001145999
7/29/16,0.044169732,36,Sockeye_Adults,0.000675924
7/30/16,0.021043921,15,Sockeye_Adults,0.00054904
7/31/16,0.006300568,11,Sockeye_Adults,0.000244008
8/1/16,0.035754041,3,Sockeye_Adults,0.00187208
6/18/16,NA,0,Sockeye_Jack,NA
6/19/16,NA,0,Sockeye_Jack,NA
6/20/16,0.000126929,0,Sockeye_Jack,1.76E-05
6/21/16,2.72E-05,0,Sockeye_Jack,4.29E-06
6/22/16,6.14E-05,0,Sockeye_Jack,1.10E-05
6/23/16,NA,0,Sockeye_Jack,NA
6/24/16,NA,0,Sockeye_Jack,NA
6/25/16,NA,0,Sockeye_Jack,NA
6/26/16,NA,0,Sockeye_Jack,NA
6/27/16,0.00012044,0,Sockeye_Jack,1.34E-05
6/28/16,4.69E-05,0,Sockeye_Jack,6.05E-06
6/29/16,1.05E-05,0,Sockeye_Jack,1.49E-06
6/30/16,0.000201738,0,Sockeye_Jack,2.67E-05
7/1/16,0.002617879,0,Sockeye_Jack,0.000220707
7/2/16,0.702073551,0,Sockeye_Jack,0.051753361
7/3/16,0.30182484,2,Sockeye_Jack,0.024323029
7/4/16,0.02687481,0,Sockeye_Jack,0.002600495
7/5/16,0.008394646,0,Sockeye_Jack,0.000935783
7/6/16,0.005363125,0,Sockeye_Jack,0.000726463
7/7/16,0.368020745,4,Sockeye_Jack,0.05110582
7/8/16,0.022465633,0,Sockeye_Jack,0.004027763
7/9/16,0.006402665,0,Sockeye_Jack,0.001383315
7/10/16,0.001724426,0,Sockeye_Jack,0.000415747
7/11/16,0.002028676,0,Sockeye_Jack,0.000517116
7/12/16,0.000291047,0,Sockeye_Jack,8.80E-05
7/13/16,0.000174251,0,Sockeye_Jack,5.75E-05
7/14/16,8.69E-05,0,Sockeye_Jack,3.23E-05
7/15/16,0.00014261,0,Sockeye_Jack,5.99E-05
7/16/16,9.72E-05,0,Sockeye_Jack,4.34E-05
7/17/16,8.89E-05,0,Sockeye_Jack,4.65E-05
7/18/16,1.00E-05,0,Sockeye_Jack,5.78E-06
7/19/16,1.95E-05,0,Sockeye_Jack,1.12E-05
7/20/16,1.98E-05,0,Sockeye_Jack,1.18E-05
7/21/16,1.42E-05,0,Sockeye_Jack,8.49E-06
7/22/16,0.017531749,0,Sockeye_Jack,0.007138318
7/23/16,0.233673347,3,Sockeye_Jack,0.034116765
7/24/16,0.643053817,3,Sockeye_Jack,0.027485099
7/25/16,0.73641922,2,Sockeye_Jack,0.016653696
7/26/16,0.107860997,0,Sockeye_Jack,0.002235045
7/27/16,0.075774659,0,Sockeye_Jack,0.001465632
7/28/16,0.128956035,2,Sockeye_Jack,0.001145999
7/29/16,0.044169732,0,Sockeye_Jack,0.000675924
7/30/16,0.021043921,0,Sockeye_Jack,0.00054904
7/31/16,0.006300568,0,Sockeye_Jack,0.000244008
8/1/16,0.035754041,0,Sockeye_Jack,0.00187208
6/18/16,NA,0,Sockeye_Total,NA
6/19/16,NA,0,Sockeye_Total,NA
6/20/16,0.000126929,0,Sockeye_Total,1.76E-05
6/21/16,2.72E-05,0,Sockeye_Total,4.29E-06
6/22/16,6.14E-05,0,Sockeye_Total,1.10E-05
6/23/16,NA,0,Sockeye_Total,NA
6/24/16,NA,0,Sockeye_Total,NA
6/25/16,NA,0,Sockeye_Total,NA
6/26/16,NA,0,Sockeye_Total,NA
6/27/16,0.00012044,0,Sockeye_Total,1.34E-05
6/28/16,4.69E-05,0,Sockeye_Total,6.05E-06
6/29/16,1.05E-05,0,Sockeye_Total,1.49E-06
6/30/16,0.000201738,0,Sockeye_Total,2.67E-05
7/1/16,0.002617879,35,Sockeye_Total,0.000220707
7/2/16,0.702073551,179,Sockeye_Total,0.051753361
7/3/16,0.30182484,75,Sockeye_Total,0.024323029
7/4/16,0.02687481,65,Sockeye_Total,0.002600495
7/5/16,0.008394646,4,Sockeye_Total,0.000935783
7/6/16,0.005363125,0,Sockeye_Total,0.000726463
7/7/16,0.368020745,166,Sockeye_Total,0.05110582
7/8/16,0.022465633,18,Sockeye_Total,0.004027763
7/9/16,0.006402665,0,Sockeye_Total,0.001383315
7/10/16,0.001724426,0,Sockeye_Total,0.000415747
7/11/16,0.002028676,0,Sockeye_Total,0.000517116
7/12/16,0.000291047,0,Sockeye_Total,8.80E-05
7/13/16,0.000174251,0,Sockeye_Total,5.75E-05
7/14/16,8.69E-05,0,Sockeye_Total,3.23E-05
7/15/16,0.00014261,0,Sockeye_Total,5.99E-05
7/16/16,9.72E-05,0,Sockeye_Total,4.34E-05
7/17/16,8.89E-05,0,Sockeye_Total,4.65E-05
7/18/16,1.00E-05,0,Sockeye_Total,5.78E-06
7/19/16,1.95E-05,0,Sockeye_Total,1.12E-05
7/20/16,1.98E-05,0,Sockeye_Total,1.18E-05
7/21/16,1.42E-05,0,Sockeye_Total,8.49E-06
7/22/16,0.017531749,8,Sockeye_Total,0.007138318
7/23/16,0.233673347,522,Sockeye_Total,0.034116765
7/24/16,0.643053817,591,Sockeye_Total,0.027485099
7/25/16,0.73641922,363,Sockeye_Total,0.016653696
7/26/16,0.107860997,96,Sockeye_Total,0.002235045
7/27/16,0.075774659,68,Sockeye_Total,0.001465632
7/28/16,0.128956035,48,Sockeye_Total,0.001145999
7/29/16,0.044169732,36,Sockeye_Total,0.000675924
7/30/16,0.021043921,15,Sockeye_Total,0.00054904
7/31/16,0.006300568,11,Sockeye_Total,0.000244008
8/1/16,0.035754041,3,Sockeye_Total,0.00187208
6/18/16,NA,NA,Sockeye_Smolt,NA
6/19/16,NA,NA,Sockeye_Smolt,NA
6/20/16,0.000126929,NA,Sockeye_Smolt,1.76E-05
6/21/16,2.72E-05,NA,Sockeye_Smolt,4.29E-06
6/22/16,6.14E-05,NA,Sockeye_Smolt,1.10E-05
6/23/16,NA,NA,Sockeye_Smolt,NA
6/24/16,NA,NA,Sockeye_Smolt,NA
6/25/16,NA,NA,Sockeye_Smolt,NA
6/26/16,NA,NA,Sockeye_Smolt,NA
6/27/16,0.00012044,NA,Sockeye_Smolt,1.34E-05
6/28/16,4.69E-05,NA,Sockeye_Smolt,6.05E-06
6/29/16,1.05E-05,NA,Sockeye_Smolt,1.49E-06
6/30/16,0.000201738,NA,Sockeye_Smolt,2.67E-05
7/1/16,0.002617879,NA,Sockeye_Smolt,0.000220707
7/2/16,0.702073551,NA,Sockeye_Smolt,0.051753361
7/3/16,0.30182484,NA,Sockeye_Smolt,0.024323029
7/4/16,0.02687481,NA,Sockeye_Smolt,0.002600495
7/5/16,0.008394646,NA,Sockeye_Smolt,0.000935783
7/6/16,0.005363125,NA,Sockeye_Smolt,0.000726463
7/7/16,0.368020745,NA,Sockeye_Smolt,0.05110582
7/8/16,0.022465633,NA,Sockeye_Smolt,0.004027763
7/9/16,0.006402665,NA,Sockeye_Smolt,0.001383315
7/10/16,0.001724426,NA,Sockeye_Smolt,0.000415747
7/11/16,0.002028676,NA,Sockeye_Smolt,0.000517116
7/12/16,0.000291047,NA,Sockeye_Smolt,8.80E-05
7/13/16,0.000174251,NA,Sockeye_Smolt,5.75E-05
7/14/16,8.69E-05,NA,Sockeye_Smolt,3.23E-05
7/15/16,0.00014261,NA,Sockeye_Smolt,5.99E-05
7/16/16,9.72E-05,NA,Sockeye_Smolt,4.34E-05
7/17/16,8.89E-05,NA,Sockeye_Smolt,4.65E-05
7/18/16,1.00E-05,NA,Sockeye_Smolt,5.78E-06
7/19/16,1.95E-05,NA,Sockeye_Smolt,1.12E-05
7/20/16,1.98E-05,NA,Sockeye_Smolt,1.18E-05
7/21/16,1.42E-05,NA,Sockeye_Smolt,8.49E-06
7/22/16,0.017531749,NA,Sockeye_Smolt,0.007138318
7/23/16,0.233673347,NA,Sockeye_Smolt,0.034116765
7/24/16,0.643053817,NA,Sockeye_Smolt,0.027485099
7/25/16,0.73641922,NA,Sockeye_Smolt,0.016653696
7/26/16,0.107860997,NA,Sockeye_Smolt,0.002235045
7/27/16,0.075774659,NA,Sockeye_Smolt,0.001465632
7/28/16,0.128956035,NA,Sockeye_Smolt,0.001145999
7/29/16,0.044169732,NA,Sockeye_Smolt,0.000675924
7/30/16,0.021043921,NA,Sockeye_Smolt,0.00054904
7/31/16,0.006300568,NA,Sockeye_Smolt,0.000244008
8/1/16,0.035754041,NA,Sockeye_Smolt,0.00187208